Date,Open,High,Low,Close
9/14/2018,2044,2071.550049,2018.150024,2065.399902
9/17/2018,2070,2077.800049,2054.550049,2074.149902
9/18/2018,2073,2078.800049,2057.600098,2070.75
9/19/2018,2071.899902,2089,2066.850098,2077.899902
9/21/2018,2077,2121,2050.149902,2103.149902
9/24/2018,2115,2210.5,2098.149902,2198.449951
9/25/2018,2204.899902,2211.899902,2153.800049,2183.199951
9/26/2018,2187,2199,2135.100098,2142.149902
9/27/2018,2141.899902,2209.699951,2135.800049,2188.850098
9/28/2018,2178,2190,2158.850098,2183.699951
10/1/2018,2190.899902,2275.949951,2190.350098,2255.550049
10/3/2018,2250.300049,2255,2155.600098,2162.850098
10/4/2018,2156.600098,2156.649902,2056.350098,2064.800049
10/5/2018,2050,2120,2020.900024,2102.649902
10/8/2018,2102.649902,2122.199951,2048.149902,2077.550049
10/9/2018,2080.350098,2107.649902,2053.199951,2091.800049
10/10/2018,2100,2105.949951,2029,2043.599976
10/11/2018,1985,2013,1941,1979.949951
10/12/2018,1978,1978,1903,1918.300049
10/15/2018,1940,1955.550049,1920,1949.5
10/16/2018,1958,1971.900024,1935,1962.300049
10/17/2018,1970,1989,1920,1929.400024
10/19/2018,1929,1929,1870.050049,1913.199951
10/22/2018,1914,1916,1886.949951,1903
10/23/2018,1888,1898,1837,1843.650024
10/24/2018,1852.050049,1874,1811.099976,1848.5
10/25/2018,1844,1876.900024,1825.050049,1853
10/26/2018,1853.900024,1853.900024,1791.099976,1799.099976
10/29/2018,1808.699951,1877.949951,1784.349976,1871
10/30/2018,1867,1909.400024,1845,1894.800049
10/31/2018,1900,1943.900024,1875.449951,1938.150024
11/1/2018,1943.650024,1944.349976,1901.300049,1935.75
11/2/2018,1934.199951,1954.599976,1905,1913.449951
11/5/2018,1910,1927.349976,1884.75,1890.849976
11/6/2018,1894,1937.5,1891,1932.699951
11/7/2018,1940,1949,1937,1942.150024
11/9/2018,1961,1961.949951,1905,1909.199951
11/12/2018,1908.5,1946.099976,1908.5,1914.849976
11/13/2018,1915,1939,1903,1934.949951
11/14/2018,1925,1929.900024,1870,1880.650024
11/15/2018,1864,1899,1857.599976,1872.849976
11/16/2018,1889,1899.800049,1870.25,1886.599976
11/19/2018,1899,1907.349976,1864.300049,1902.449951
11/20/2018,1902,1902,1874.199951,1878.25
11/21/2018,1871,1871.050049,1798.550049,1812
11/22/2018,1820,1847.599976,1809.949951,1812.550049
11/26/2018,1819,1860,1784.5,1846.099976
11/27/2018,1854,1897.900024,1835.349976,1890.25
11/28/2018,1889,1989,1882.5,1983.900024
11/29/2018,1997,1997,1942.550049,1960.550049
11/30/2018,1966,1991,1959.849976,1968.25
12/3/2018,1984,1990,1968.300049,1982.400024
12/4/2018,1983,2019.400024,1971,2010.849976
12/5/2018,2006,2018,1985,2006.75
12/6/2018,1998,2017,1979.599976,1992.699951
12/7/2018,1985.050049,2003.900024,1973,1995.199951
12/10/2018,1975,2011,1960,1975.800049
12/11/2018,1970,2010,1961,2000
12/12/2018,2001.099976,2022,1984.949951,2016.800049
12/13/2018,2024,2029.699951,1974.5,1982.599976
12/14/2018,1983,1998.949951,1975.25,1989.75
12/17/2018,1999,2004.900024,1985,1994.300049
12/18/2018,1991.900024,2002,1976.400024,1987.849976
12/19/2018,1984.800049,1984.800049,1960.050049,1968.449951
12/20/2018,1953.800049,1974.900024,1946,1954.050049
12/21/2018,1948,1950,1886.550049,1895.800049
12/24/2018,1905.800049,1938.900024,1905,1918.5
12/26/2018,1921.800049,1921.800049,1870.25,1889.199951
12/27/2018,1909,1941.699951,1872.099976,1908.949951
12/28/2018,1915,1920,1893,1896.050049
12/31/2018,1908,1909,1886.150024,1893.050049
1/1/2019,1896,1910,1885,1902.800049
1/2/2019,1905,1934.449951,1900,1923.300049
1/3/2019,1919,1944.949951,1893.099976,1899.949951
1/4/2019,1900,1901.199951,1841,1876.849976
1/7/2019,1891.800049,1908.800049,1881,1897.900024
1/8/2019,1905.400024,1906.400024,1883.300049,1893.550049
1/9/2019,1907.400024,1919,1866.699951,1886.949951
1/10/2019,1890,1905,1872.099976,1888.550049
1/11/2019,1870,1875,1835,1842.550049
1/14/2019,1850,1851,1810,1813.25
1/15/2019,1810,1869.349976,1808,1867.800049
1/16/2019,1870,1875,1847,1870.150024
1/17/2019,1878,1898,1871.300049,1894.300049
1/18/2019,1881,1904.199951,1876,1900.650024
1/21/2019,1902,1932,1895.449951,1908.699951
1/22/2019,1907.099976,1918.25,1890,1901.900024
1/23/2019,1901,1906.099976,1870,1875.599976
1/24/2019,1884.800049,1905.25,1875,1901.550049
1/25/2019,1902,1935,1901,1920.800049
1/28/2019,1933,1962,1925.5,1955
1/29/2019,1962,1989.050049,1936.650024,1982.75
1/30/2019,1979.599976,1989.5,1954.650024,1981.400024
1/31/2019,1987,2019.75,1985,2014.099976
2/1/2019,2009.5,2034.75,1998.099976,2029.949951
2/4/2019,2029.949951,2055.449951,2023,2050.25
2/5/2019,2050,2055,2028,2044.550049
2/6/2019,2049.899902,2086.850098,2041.050049,2074.800049
2/7/2019,2074.75,2097.949951,2067,2082.899902
2/8/2019,2075,2089.5,2051,2061.399902
2/11/2019,2060,2096,2048.899902,2065.899902
2/12/2019,2070,2070,2018,2051.600098
2/14/2019,2060.050049,2075,2033.050049,2044.599976
2/15/2019,2049,2052,2010.949951,2029.699951
2/18/2019,2037.599976,2041.949951,1962.650024,1970.300049
2/19/2019,1970,1971,1892,1904.800049
2/20/2019,1915,1933.800049,1881.300049,1914.75
2/21/2019,1914.75,1940,1897.050049,1914.199951
2/22/2019,1917.199951,1930,1905.099976,1925.650024
2/25/2019,1932.5,1990,1930.5,1985.150024
2/26/2019,1984,2045.150024,1972.25,2038.699951
2/27/2019,2040,2074.949951,2022,2058.100098
2/28/2019,2060,2071.350098,1977.599976,1983.449951
3/1/2019,1995.050049,2005,1980.349976,1995.400024
3/5/2019,2005,2007,1976.599976,1988.099976
3/6/2019,1989.300049,2015,1985.050049,1999.599976
3/7/2019,2005,2024.050049,2000.199951,2013.300049
3/8/2019,2025,2033,2010.050049,2022.699951
3/11/2019,2028.900024,2033,2003.650024,2014.800049
3/12/2019,2014.050049,2024.800049,2003,2012.449951
3/13/2019,2013,2015.900024,1978.599976,2000.5
3/14/2019,2004.949951,2007.800049,1981,1987.400024
3/15/2019,1998.900024,2068.949951,1991,2039.949951
3/18/2019,2043,2064.600098,2011,2022.800049
3/19/2019,2030,2030,1995.099976,2022.800049
3/20/2019,2028,2044.800049,2000,2015.050049
3/22/2019,2015,2016,1983.300049,2005.650024
3/25/2019,2007.800049,2007.800049,1977.199951,1984.25
3/26/2019,1984,1994.949951,1958.050049,1982.650024
3/27/2019,1994,1998,1961,1967.900024
3/28/2019,1980,2014.599976,1972.800049,2000.300049
4/1/2019,2010,2039.949951,2008.25,2031.650024
4/2/2019,2037.099976,2086,2037,2079.300049
4/3/2019,2085,2089.600098,2058.100098,2079.300049
4/4/2019,2078.149902,2079.699951,2007.400024,2014.5
4/5/2019,2028.650024,2054.399902,2018.800049,2048.300049
4/8/2019,2059,2075,2032.699951,2070.75
4/9/2019,2070,2098,2057.649902,2091.5
4/10/2019,2083,2085.5,2036,2040.25
4/11/2019,2045,2055,2013.650024,2019.5
4/12/2019,2038,2039,2007,2014.5
4/15/2019,2070,2119.800049,2041,2113.300049
4/16/2019,2120,2155.949951,2115.550049,2131.800049
4/18/2019,2149.899902,2155,2114.199951,2150.050049
4/22/2019,2148,2176,2145.600098,2161.449951
4/23/2019,2163,2165.5,2134.050049,2155.050049
4/24/2019,2158,2195,2156.100098,2183.449951
4/25/2019,2175,2205,2168.050049,2195
4/26/2019,2203,2243.949951,2193.149902,2238.550049
4/30/2019,2238.550049,2266.949951,2230.100098,2260.350098
5/2/2019,2255,2259.399902,2211.100098,2215.399902
5/3/2019,2185,2186.050049,2125,2132
5/6/2019,2110,2165,2108.5,2157.850098
5/7/2019,2160.050049,2184.350098,2138.800049,2151.949951
5/8/2019,2151,2168,2130.399902,2152.850098
5/9/2019,2145,2184.100098,2136.100098,2172.550049
5/10/2019,2175,2192,2125.850098,2135.800049
5/13/2019,2133,2167,2121.649902,2128.75
5/14/2019,2135,2159.800049,2072.350098,2092.350098
5/15/2019,2097,2124,2084.5,2095.399902
5/16/2019,2096,2124,2077.050049,2108.75
5/17/2019,2112.600098,2135,2090,2095.449951
5/20/2019,2125,2151.399902,2050,2143.949951
5/21/2019,2148.050049,2148.699951,2102.550049,2109.75
5/22/2019,2110,2121.949951,2075,2081.75
5/23/2019,2098,2115.350098,2050,2054.050049
5/24/2019,2070,2070,2032.25,2048
5/27/2019,2054.800049,2068.949951,2040.099976,2055.149902
5/28/2019,2060,2097.5,2045,2073.75
5/29/2019,2080,2123.699951,2077.100098,2107.550049
5/30/2019,2123,2156.550049,2114.399902,2146.300049
5/31/2019,2160,2204.949951,2152.25,2196.550049
6/3/2019,2201,2247.649902,2185.649902,2242.300049
6/4/2019,2224,2224,2175,2183.100098
6/6/2019,2199,2199,2152,2166.100098
6/7/2019,2174,2189.800049,2142.100098,2181.75
6/10/2019,2196.699951,2235.850098,2185.5,2231.5
6/11/2019,2237,2263.949951,2231,2252.800049
6/12/2019,2245,2266.899902,2219,2260.899902
6/13/2019,2264,2285,2243.050049,2254.100098
6/14/2019,2257.25,2263.100098,2234,2254.5
6/17/2019,2256,2262,2241.449951,2249.199951
6/18/2019,2244,2260,2231.199951,2250.850098
6/19/2019,2255,2276,2243.149902,2259.899902
6/20/2019,2230,2284,2212,2277.949951
6/21/2019,2285,2292.5,2242,2249.850098
6/24/2019,2254.149902,2280,2250.800049,2275.5
6/25/2019,2270,2274.449951,2250.5,2267.800049
6/26/2019,2265,2266.800049,2250,2254.199951
6/27/2019,2255,2264,2241.300049,2252.550049
6/28/2019,2260,2261.949951,2222.5,2227.199951
7/1/2019,2235,2255,2206.600098,2239.550049
7/2/2019,2244.899902,2257,2216.449951,2252.100098
7/3/2019,2252.199951,2258.800049,2232,2237.649902
7/4/2019,2234,2252,2230.100098,2242.649902
7/5/2019,2247,2250,2140,2163.100098
7/8/2019,2149,2188.800049,2132.100098,2175.399902
7/9/2019,2174,2174.399902,2104.550049,2133.350098
7/10/2019,2080,2127.850098,2071.300049,2108.199951
7/11/2019,2128,2129,2086.050049,2102.550049
7/12/2019,2102.100098,2119.75,2093.100098,2107.600098
7/15/2019,2125,2153.600098,2098,2145.699951
7/16/2019,2126,2132.5,2100,2106
7/17/2019,2108,2125,2092.100098,2117.25
7/18/2019,2116.199951,2116.199951,2060,2065.949951
7/19/2019,2077,2097,2062.5,2076.949951
7/22/2019,2077,2117.449951,2068.800049,2109.899902
7/23/2019,2127.899902,2130,2102.399902,2112.449951
7/24/2019,2110,2120.800049,2076.5,2096.800049
7/25/2019,2108.899902,2135,2092.550049,2127.899902
7/26/2019,2129.800049,2129.800049,2095,2109.050049
7/29/2019,2110.800049,2142,2103.300049,2130
7/30/2019,2130,2185,2120.449951,2179.149902
7/31/2019,2171.75,2211.699951,2147.149902,2205.699951
8/1/2019,2200,2217.5,2166.25,2180.050049
8/2/2019,2173,2210,2165.5,2205.300049
8/5/2019,2199.899902,2252.25,2195.600098,2248.600098
8/6/2019,2232.800049,2251.949951,2211.449951,2214.899902
8/7/2019,2230,2238.5,2207.25,2213.449951
8/8/2019,2228.899902,2281,2218.899902,2258.100098
8/9/2019,2260,2267.899902,2241.350098,2246.25
8/13/2019,2245,2246.25,2194.300049,2199.449951
8/14/2019,2181.100098,2217.850098,2167.399902,2204.399902
8/16/2019,2241.399902,2241.399902,2143.25,2165.100098
8/19/2019,2180,2186,2157.699951,2163
8/20/2019,2172,2205,2166.5,2186.75
8/21/2019,2184.949951,2202,2182.25,2186.199951
8/22/2019,2187,2235.649902,2170,2216
8/23/2019,2214.949951,2259.899902,2213.899902,2247.699951
8/26/2019,2247,2282,2225,2276.300049
8/27/2019,2270,2274.850098,2229,2236.5
8/28/2019,2240,2252.149902,2216,2239.25
8/29/2019,2222.199951,2248.199951,2222.199951,2233.449951
8/30/2019,2241,2266,2218,2259.600098
9/3/2019,2270,2296.199951,2236.949951,2251.600098
9/4/2019,2265,2270,2233,2245.399902
9/5/2019,2242.199951,2253.649902,2207.300049,2215.300049
9/6/2019,2216,2233.5,2192.600098,2197.5
9/9/2019,2200,2202.850098,2179.800049,2182.850098
9/11/2019,2186,2195,2146.550049,2154
9/12/2019,2155,2165,2120.350098,2133.600098
9/13/2019,2135,2157.949951,2115.550049,2141.949951
9/16/2019,2159.949951,2173.399902,2126.399902,2150
9/17/2019,2154.949951,2156.550049,2105.600098,2122.649902
9/18/2019,2126.399902,2142.949951,2113.149902,2138.550049
9/19/2019,2135,2135.800049,2091,2101.949951
9/20/2019,2104.899902,2129.399902,2057,2065.449951
9/23/2019,2099,2099,1975,2015.800049
9/24/2019,2015,2061,2013,2044.699951
9/25/2019,2065,2092,2060.050049,2088.449951
9/26/2019,2097.899902,2107,2063,2087.600098
9/27/2019,2085,2085.199951,2051.399902,2056.149902
9/30/2019,2061.850098,2104,2060,2099.300049
10/1/2019,2095.949951,2095.949951,2039.699951,2059.949951
10/3/2019,2070,2081.149902,2046.150024,2060.25
10/4/2019,2060.600098,2087.949951,2054.949951,2079.350098
10/7/2019,2080,2094.5,2041,2047.699951
10/9/2019,2060,2060,2015.5,2020.099976
10/10/2019,2028,2039.050049,1997.099976,2004.449951
10/11/2019,1931,1995,1925,1986.849976
10/14/2019,1995,2032.75,1968,2021
10/15/2019,2032,2047,2022.699951,2037.300049
10/16/2019,2038,2056,2016,2046.400024
10/17/2019,2014,2038,1999.300049,2030.949951
10/18/2019,2037.5,2063.899902,2025,2057.350098
10/22/2019,2080,2111.5,2040.050049,2051.399902
10/23/2019,2060,2083.850098,2052.5,2070.100098
10/24/2019,2084,2099,2061.300049,2082
10/25/2019,2094,2130,2075.050049,2124.949951
10/27/2019,2129,2129,2108.800049,2115.699951
10/29/2019,2121.5,2201.699951,2121.5,2194.850098
10/30/2019,2225,2260,2176.850098,2252.800049
10/31/2019,2250,2284.949951,2237,2269.649902
11/1/2019,2264,2275,2195,2200.899902
11/4/2019,2207,2229.199951,2180.899902,2193.949951
11/5/2019,2197,2211,2169,2201.850098
11/6/2019,2200,2210.800049,2179,2188.5
11/7/2019,2204.5,2204.5,2175.199951,2185.350098
11/8/2019,2189.600098,2189.600098,2124,2129.949951
11/11/2019,2135,2139,2091,2100.949951
11/13/2019,2118,2183.800049,2118,2178.600098
11/14/2019,2187.5,2200,2146.699951,2196.800049
11/15/2019,2196,2211.5,2168.75,2174.449951
11/18/2019,2178.399902,2187.75,2148.75,2152.600098
11/19/2019,2153,2154.649902,2105,2108.800049
11/20/2019,2121.949951,2135,2094.5,2108.550049
11/21/2019,2112,2126.600098,2107.399902,2118.100098
11/22/2019,2097,2107,2060.5,2071.699951
11/25/2019,2074.550049,2084.949951,2052.199951,2081.5
11/26/2019,2089.850098,2097.899902,2035.050049,2046.650024
11/27/2019,2052,2071.699951,2046.550049,2054.300049
11/28/2019,2067.050049,2094.399902,2060,2077.350098
11/29/2019,2085,2085,2045.800049,2053.25
12/2/2019,2060,2067.699951,2016,2021.050049
12/3/2019,2027.699951,2062,2010,2051
12/4/2019,2053,2082,2045.5,2078.5
12/5/2019,2083,2126.800049,2068.350098,2121.300049
12/6/2019,2124,2128,2101,2123.600098
12/9/2019,2127.949951,2127.949951,2053.5,2060.449951
12/10/2019,2060,2060.850098,2003.25,2012.849976
12/11/2019,2025.400024,2048,2006.75,2041.900024
12/12/2019,2051.100098,2083.649902,1984,2020.900024
12/13/2019,2023,2077.399902,2007,2071.25
12/16/2019,2096,2136,2080.300049,2126.75
12/17/2019,2126.5,2169,2119,2164.949951
12/18/2019,2174,2203.449951,2153,2167.75
12/19/2019,2179.800049,2236.5,2167.550049,2229.050049
12/20/2019,2220,2246.699951,2208.25,2222.899902
12/23/2019,2210,2241.949951,2210,2231.699951
12/24/2019,2239,2243.550049,2211.149902,2215.600098
12/26/2019,2216.399902,2229,2195.199951,2201.949951
12/27/2019,2208,2226.399902,2176,2198.5
12/30/2019,2207,2225,2177.100098,2183.199951
12/31/2019,2189,2197,2157.449951,2161.699951
1/1/2020,2168,2183.899902,2154,2167.600098
1/2/2020,2179.949951,2179.949951,2149.199951,2157.649902
1/3/2020,2164,2223,2164,2200.649902
1/6/2020,2205,2225.949951,2187.899902,2200.449951
1/7/2020,2200.5,2214.649902,2183.800049,2205.850098
1/8/2020,2205,2260,2202.050049,2255.25
1/9/2020,2248.75,2251.949951,2210,2214.350098
1/10/2020,2228,2234,2208,2213.550049
1/13/2020,2217.850098,2218.949951,2184.699951,2190.350098
1/14/2020,2195,2229.800049,2195,2206.899902
1/15/2020,2213,2231,2194.199951,2226.899902
1/16/2020,2226.949951,2249,2215,2238.800049
1/17/2020,2240.75,2253.550049,2213,2219.100098
1/20/2020,2194.899902,2242.199951,2156.199951,2170.350098
1/21/2020,2169.949951,2186.550049,2158.050049,2171.050049
1/22/2020,2181,2210,2173.699951,2206.899902
1/23/2020,2209.800049,2217.75,2183.699951,2190.949951
1/24/2020,2190.949951,2190.949951,2170,2183.399902
1/27/2020,2189.699951,2193.449951,2165,2169.25
1/28/2020,2174,2187.800049,2152,2183.75
1/29/2020,2185,2186.949951,2150,2154.600098
1/30/2020,2160,2165,2125,2137.850098
1/31/2020,2139.399902,2144.350098,2071.600098,2079.050049
2/3/2020,2152,2194.699951,2093.199951,2102.5
2/4/2020,2129,2136.699951,2086.600098,2107.75
2/5/2020,2115,2156.699951,2104.300049,2146.550049
2/6/2020,2145,2174.199951,2115.5,2128.350098
2/7/2020,2139,2151,2119,2136.550049
2/10/2020,2140.899902,2167,2119,2161.949951
2/11/2020,2163,2174.800049,2147.600098,2153.399902
2/12/2020,2151.100098,2185,2150,2170.75
2/13/2020,2172.949951,2197,2171,2191.949951
2/14/2020,2188,2212,2171,2184.199951
2/17/2020,2196.949951,2217,2190.199951,2203.25
2/18/2020,2199.949951,2221,2186.050049,2215.75
2/19/2020,2215.75,2230,2190.5,2196.350098
2/20/2020,2204.5,2214.399902,2151.25,2156.800049
2/24/2020,2156,2178.949951,2106.699951,2115.350098
2/25/2020,2115.5,2176.649902,2111,2156.149902
2/26/2020,2154,2163.899902,2112.949951,2123.600098
2/27/2020,2119.949951,2119.949951,2086.199951,2105.5
2/28/2020,2068,2069.5,1990,2000.150024
3/2/2020,2035,2053.949951,1985.699951,2001.300049
3/3/2020,2020,2060,2012,2036.199951
3/4/2020,2056,2094.449951,2025,2083.199951
3/5/2020,2085.699951,2147.75,2084.050049,2125.050049
3/6/2020,2098,2123.649902,2071.600098,2116.449951
3/9/2020,2075,2079.899902,1935,1972.349976
3/11/2020,1933,1987.300049,1920,1953.699951
3/12/2020,1904,1908.400024,1758.349976,1769.849976
3/13/2020,1687.900024,1820,1506.050049,1806.300049
3/16/2020,1755,1842.25,1675.849976,1696.400024
3/17/2020,1730,1731,1623.150024,1658
3/18/2020,1676.800049,1713.550049,1627.75,1654.400024
3/19/2020,1559.699951,1685.449951,1546.75,1636.349976
3/20/2020,1630,1869,1627,1797.449951
3/23/2020,1620,1750,1617.75,1669.699951
3/24/2020,1653.050049,1770,1632.849976,1703.150024
3/25/2020,1700,1810,1680,1750.300049
3/26/2020,1831.599976,1832.050049,1722.550049,1790.949951
3/27/2020,1820,1850,1750.400024,1824.5
3/30/2020,1766,1905,1763.550049,1778.5
3/31/2020,1837.400024,1855,1780,1826.099976
4/1/2020,1825.900024,1834.75,1702,1708.75
4/3/2020,1740,1740,1650,1654.199951
4/7/2020,1710,1785.849976,1705,1775.199951
4/8/2020,1760,1806,1701,1705.449951
4/9/2020,1750.449951,1778.800049,1731.199951,1766.150024
4/13/2020,1761,1787,1746,1759.25
4/15/2020,1785,1812,1727.800049,1735.150024
4/16/2020,1709.949951,1764.900024,1675.050049,1716.050049
4/17/2020,1800,1851.949951,1753,1806.199951
4/20/2020,1830,1830,1802.5,1818.650024
4/21/2020,1765,1794.599976,1727.699951,1737.650024
4/22/2020,1737.650024,1790,1719.150024,1769.5
4/23/2020,1780,1900,1760.849976,1878.25
4/24/2020,1840.699951,1851.949951,1807.800049,1818.550049
4/27/2020,1832.300049,1875,1825,1836.599976
4/28/2020,1865,1868,1832.599976,1859.050049
4/29/2020,1874,1912.550049,1850.050049,1905.650024
4/30/2020,1980,2032,1942.199951,2014.449951
5/4/2020,1966,1966,1913.650024,1930.449951
5/5/2020,1955.099976,1977,1927,1932.75
5/6/2020,1939.800049,1953.699951,1893.599976,1903.599976
5/7/2020,1910,1934.449951,1883.349976,1891.650024
5/8/2020,1939.099976,1939.5,1886.25,1893.400024
5/11/2020,1909,1951.400024,1909,1935.300049
5/12/2020,1933.400024,1956.5,1910.25,1949.5
5/13/2020,1994,1994,1925.650024,1949.650024
5/14/2020,1910,1923.099976,1891.099976,1902.349976
5/15/2020,1916,1917.400024,1865.199951,1892.900024
5/18/2020,1907,1952.949951,1872.099976,1945.599976
5/19/2020,1903,1966.449951,1903,1948.650024
5/20/2020,1950,1962.900024,1931.699951,1953.599976
5/21/2020,1946,1998,1941.150024,1991.199951
5/22/2020,1977.099976,2032,1961.25,2020.349976
5/26/2020,2015,2024,1925,1943
5/27/2020,1959,2010,1941.25,2005.300049
5/28/2020,1988.5,2014,1971.300049,2004.300049
5/29/2020,1982,2002.650024,1962.400024,1972.349976
6/1/2020,1990,2060,1981.099976,2045.25
6/2/2020,2060.199951,2081,2040.050049,2047.150024
6/3/2020,2051.850098,2063.75,2020,2046.150024
6/4/2020,2046.75,2100,2046.75,2091.550049
6/5/2020,2091.600098,2098,2040.300049,2048.25
6/8/2020,2078.25,2095,2062.100098,2071.75
6/9/2020,2063.100098,2095.5,2060.25,2072.050049
6/10/2020,2077.050049,2132,2073.5,2108.75
6/11/2020,2100,2105,2061.800049,2067.649902
6/12/2020,2011.199951,2049.199951,2011,2039.5
6/15/2020,2039.099976,2059,2000.949951,2029.900024
6/16/2020,2065,2073.949951,2031,2045.800049
6/17/2020,2046,2058.850098,2026.550049,2047.800049
6/18/2020,2045,2059.199951,2025.199951,2038.099976
6/19/2020,2042,2090,2032,2044.599976
6/22/2020,2050,2052.25,2019.150024,2027.949951
6/23/2020,2027,2044,2010,2035.300049
6/24/2020,2034,2064.25,2031.599976,2042.199951
6/25/2020,2035,2060,2009.25,2016.099976
6/26/2020,2025,2132,2019.949951,2118.850098
6/29/2020,2108,2127.600098,2091.300049,2101.649902
6/30/2020,2100,2111.899902,2075.050049,2082.149902
7/1/2020,2079.699951,2113.949951,2079.5,2092.050049
7/2/2020,2102,2165,2098,2157.149902
7/3/2020,2163.649902,2205,2160.25,2199.649902
7/6/2020,2205,2269.899902,2205,2263.199951
7/7/2020,2275,2302.699951,2232.149902,2269.899902
7/8/2020,2270,2274.399902,2207.600098,2218.899902
7/9/2020,2229,2244.5,2191.050049,2204.350098
7/10/2020,2205.25,2249.850098,2176,2222.350098
7/13/2020,2220,2244.949951,2210,2220
7/14/2020,2210,2239,2165,2171.949951
7/15/2020,2185,2260,2181.100098,2233.899902
7/16/2020,2244,2333,2220.100098,2234.75
7/17/2020,2237,2243.899902,2190.050049,2200.75
7/20/2020,2201,2226.899902,2190.800049,2207.899902
7/21/2020,2230,2238.649902,2201.149902,2225.050049
7/22/2020,2231,2231,2184.199951,2190.949951
7/23/2020,2190.949951,2190.949951,2163,2171.199951
7/24/2020,2154.5,2163,2125.100098,2157.399902
7/27/2020,2165,2215,2163.5,2206.800049
7/28/2020,2215,2320,2215,2309.75
7/29/2020,2292,2342,2246.050049,2276.050049
7/30/2020,2285.899902,2358,2272.25,2279.5
7/31/2020,2303.149902,2334.800049,2257.449951,2281.399902
8/3/2020,2290.449951,2303.850098,2230.699951,2254.149902
8/4/2020,2259.949951,2269.649902,2225.050049,2249.699951
8/5/2020,2260,2300,2253,2259.5
8/6/2020,2275,2319.5,2265.350098,2308.100098
8/7/2020,2308,2328,2287,2295.350098
8/10/2020,2318,2325,2276.050049,2282.800049
8/11/2020,2283,2312,2275.600098,2279.899902
8/12/2020,2288.350098,2296.399902,2246.550049,2257.350098
8/13/2020,2273,2300,2250.5,2254.449951
8/14/2020,2277,2281.300049,2233.100098,2242.149902
8/17/2020,2263,2270,2238.25,2253.399902
8/18/2020,2262.800049,2289,2248.300049,2269.75
8/19/2020,2276.350098,2284.600098,2252.5,2256.600098
8/20/2020,2257,2276.550049,2240.050049,2252.850098
8/21/2020,2260,2271,2241.050049,2248.600098
8/24/2020,2250.600098,2259.949951,2230,2248.100098
8/25/2020,2245,2250,2233.550049,2242.649902
8/26/2020,2242,2259.899902,2216.449951,2253.5
8/27/2020,2266,2287.350098,2241.75,2248.399902
8/28/2020,2268.399902,2279.949951,2235.100098,2238.550049
8/31/2020,2240,2276.199951,2228,2257.25
9/1/2020,2269,2278,2241.300049,2246.350098
9/2/2020,2247,2268.75,2241.649902,2265.149902
9/3/2020,2268,2324,2268,2299.5
9/4/2020,2275,2324.25,2262.949951,2288.800049
9/7/2020,2289,2343.5,2283.350098,2327.050049
9/8/2020,2335.949951,2390.449951,2327.050049,2348.199951
9/9/2020,2325,2359,2320,2327.649902
9/10/2020,2335,2348.5,2324.300049,2331.149902
9/11/2020,2330.949951,2383,2330.149902,2374.100098
9/14/2020,2384.100098,2505.75,2381.850098,2491.399902
9/15/2020,2491.399902,2538,2464.600098,2491.399902
9/16/2020,2488.949951,2507.600098,2477.300049,2503
9/17/2020,2480,2495.75,2450.600098,2460.949951
9/18/2020,2485,2500.399902,2436.399902,2449.899902
9/21/2020,2465,2504.899902,2452.149902,2465.300049
9/22/2020,2485,2555,2458,2522.949951
9/23/2020,2510,2519.850098,2409,2467.449951
9/24/2020,2450,2450,2302.600098,2332.25
9/25/2020,2368,2440,2352.100098,2422.300049
9/28/2020,2440,2444,2366,2426.300049
9/29/2020,2434.850098,2511.050049,2426.300049,2488.399902
9/30/2020,2489,2505,2460,2492.300049
10/1/2020,2510,2540,2492.300049,2523.449951
10/5/2020,2620,2728.100098,2603.050049,2705.800049
10/6/2020,2736,2736,2650.100098,2714.300049
10/7/2020,2742,2770,2703,2735.949951
10/8/2020,2800,2885,2800,2825.699951
10/9/2020,2810,2829.850098,2780,2812.949951
10/12/2020,2815.5,2854,2800.75,2830
10/13/2020,2845,2854.899902,2812.199951,2826.550049
10/14/2020,2842,2842,2787.550049,2809.600098
10/15/2020,2811,2827.75,2727,2740.600098
10/16/2020,2750.100098,2771.649902,2731.300049,2763.300049
10/19/2020,2774,2774,2706.600098,2711.550049
10/20/2020,2725,2759.899902,2717.949951,2739
10/21/2020,2739,2749,2663.050049,2675.399902
10/22/2020,2661,2686.649902,2638.100098,2671.149902
10/23/2020,2687.800049,2702,2670.100098,2686.800049
10/26/2020,2689.949951,2709.949951,2670.5,2688.199951
10/27/2020,2699.75,2718.149902,2624.100098,2630.149902
10/28/2020,2650,2655.949951,2606,2622.199951
10/29/2020,2608,2655,2600.25,2632.649902
10/30/2020,2636.100098,2674.350098,2621.600098,2664.850098
11/2/2020,2660,2664.850098,2600.050049,2604.600098
11/3/2020,2604,2665,2601.050049,2633.600098
11/4/2020,2610,2721.850098,2610,2653.149902
11/5/2020,2685,2710,2667,2685.699951
11/6/2020,2699,2713.25,2681.300049,2707.449951
11/9/2020,2731.100098,2744,2695.100098,2726.600098
11/10/2020,2697.199951,2713.149902,2638.350098,2649.600098
11/11/2020,2667.949951,2692.800049,2643.399902,2687.800049
11/12/2020,2686,2713,2661.75,2671.050049
11/13/2020,2655.75,2664.899902,2636,2656.850098
11/14/2020,2677.949951,2689,2660.050049,2670.350098
11/17/2020,2695,2695,2650.050049,2666.050049
11/18/2020,2661,2664.199951,2607.050049,2626.649902
11/19/2020,2637,2676.149902,2630.850098,2636.899902
11/20/2020,2655,2676,2627.550049,2660.25
11/23/2020,2690,2730,2665,2724.25
11/24/2020,2734.399902,2743,2705,2722.050049
11/25/2020,2729,2732.949951,2688.199951,2701.300049
11/26/2020,2686,2730.949951,2680,2720.600098
11/27/2020,2705,2717.699951,2669.050049,2679.649902
12/1/2020,2679,2735.899902,2624.449951,2726.800049
12/2/2020,2719,2754.699951,2702.449951,2749.550049
12/3/2020,2773.899902,2773.899902,2700.800049,2709.449951
12/4/2020,2710.800049,2738.850098,2699,2727.550049
12/7/2020,2715,2744,2706.149902,2737.699951
12/8/2020,2740,2805.550049,2732.449951,2797.300049
12/9/2020,2815,2840,2793.149902,2810.800049
12/10/2020,2818,2827.300049,2780.25,2784.300049
12/11/2020,2792.699951,2807.699951,2764.550049,2783.600098
12/14/2020,2802,2804,2756.25,2797.699951
12/15/2020,2786,2794.699951,2755,2761.550049
12/16/2020,2779,2819.800049,2760.449951,2814.199951
12/17/2020,2811,2853.699951,2805,2838.199951
12/18/2020,2868,2898,2846.199951,2861
12/21/2020,2861,2886.5,2785,2820.149902
12/22/2020,2834,2883.649902,2818.649902,2872.5
12/23/2020,2876.050049,2919,2865.449951,2908.75
12/24/2020,2909,2921.350098,2883.199951,2909.350098
12/28/2020,2910,2949.699951,2902,2929.399902
12/29/2020,2920,2952,2920,2930.5
12/30/2020,2934.399902,2947.699951,2902,2909.300049
12/31/2020,2900,2905,2845,2862.75
1/1/2021,2880,2940,2879,2928.25
1/4/2021,2950,3050.75,2940.949951,3039.449951
1/5/2021,3039.600098,3114.25,3039.600098,3093
1/6/2021,3100,3113.5,3037.199951,3051.5
1/7/2021,3075,3080.850098,3000.25,3032.800049
1/8/2021,3090,3128,3060,3120.899902
1/11/2021,3230,3230,3146.550049,3176.449951
1/12/2021,3176.449951,3210,3150,3174.850098
1/13/2021,3175,3177,3126.25,3158.949951
1/14/2021,3155,3266.5,3120.399902,3250.699951
1/15/2021,3235,3274,3210,3233.350098
1/18/2021,3250,3256.75,3187.399902,3221.75
1/19/2021,3233,3279,3232,3260.699951
1/20/2021,3270,3327.949951,3267.100098,3308.800049
1/21/2021,3305,3309.149902,3262.100098,3273.850098
1/22/2021,3241.899902,3325,3241.899902,3303.100098
1/25/2021,3308.949951,3339.800049,3278.649902,3291.300049
1/27/2021,3300,3306.449951,3227,3261.050049
1/28/2021,3230,3275,3183.800049,3196.550049
1/29/2021,3210.050049,3216.850098,3100,3111.350098
2/1/2021,3100,3165,3044.100098,3139.350098
2/2/2021,3174,3224,3150,3203.449951
2/3/2021,3213,3236,3162.649902,3200.050049
2/4/2021,3216.050049,3237.850098,3176,3188.449951
2/5/2021,3198.949951,3205.850098,3129,3157.949951
2/8/2021,3189.5,3226,3155.149902,3214.100098
2/9/2021,3195,3245.800049,3164,3176.899902
2/10/2021,3185,3219.399902,3157.300049,3213.300049
2/11/2021,3215,3219.300049,3185.050049,3206
2/12/2021,3184.199951,3245.5,3182,3190.800049
2/15/2021,3209,3209,3131.550049,3139.850098
2/16/2021,3150,3167.649902,3100,3108.800049
2/17/2021,3105.100098,3132.850098,3045.550049,3073.100098
2/18/2021,3065,3097.899902,3031,3057.350098
2/19/2021,3058,3087.149902,3016.149902,3071.850098
2/22/2021,3096,3096,2943.149902,2958.449951
2/23/2021,2970,3028,2968,2980.199951
2/24/2021,2972,3003.350098,2921.149902,2948.100098
2/25/2021,2974,3029.899902,2968.449951,2995.300049
2/26/2021,2960,2972.350098,2880,2894.300049
3/1/2021,2926,2965,2901.800049,2924.199951
3/2/2021,2960,3025,2948,3006.350098
3/3/2021,3035,3064,2996.899902,3059.100098
3/4/2021,3023,3081.449951,3016.050049,3049.699951
3/5/2021,3016.100098,3063.199951,2996.600098,3008.050049
3/8/2021,3016,3033,2996,3006.949951
3/9/2021,3006.949951,3066.899902,2992.100098,3050.949951
3/10/2021,3075,3093.199951,3060,3070.949951
3/12/2021,3075,3117,3041.350098,3057.949951
3/15/2021,3041,3099,3041,3066.149902
3/16/2021,3060,3141,3060,3110.050049
3/17/2021,3105,3155,3085.300049,3112.949951
3/18/2021,3125.949951,3146.449951,2987.050049,3036.5
3/19/2021,3030,3099,3005,3050.199951
3/22/2021,3048.699951,3139.449951,3018.649902,3129.649902
3/23/2021,3140,3169,3122.850098,3142.600098
3/24/2021,3111.199951,3152.300049,3111.149902,3121.100098
3/25/2021,3112.199951,3130.850098,3050,3064.850098
3/26/2021,3090.649902,3118,3043.050049,3066.800049
3/30/2021,3083,3188.449951,3060.899902,3158.550049
3/31/2021,3155,3205,3132,3177.850098
4/1/2021,3191.100098,3215,3145,3165
4/5/2021,3171,3263,3151,3238.899902
4/6/2021,3275,3275,3230,3264.699951
4/7/2021,3259,3277.550049,3234.800049,3271.399902
4/8/2021,3270,3335,3266.050049,3317.350098
4/9/2021,3354,3354.350098,3308,3322.25
4/12/2021,3322.25,3338.100098,3213.199951,3246.550049
4/13/2021,3214,3214,3073.050049,3104.050049
4/15/2021,3160.300049,3237.25,3087.449951,3218.949951
4/16/2021,3229,3247,3182.600098,3195.149902
4/19/2021,3169,3189,3135.100098,3161.800049
4/20/2021,3225,3225.350098,3126.350098,3144.550049
4/22/2021,3148,3148,3105.25,3118.800049
4/23/2021,3105,3119,3091.050049,3109.5
4/26/2021,3102.050049,3153,3088.050049,3100.800049
4/27/2021,3106,3136.100098,3103,3132
4/28/2021,3149.949951,3151,3112,3124.100098
4/29/2021,3145.600098,3157.350098,3105.5,3115.25
4/30/2021,3099,3132.050049,3020,3035.649902
5/3/2021,3024.899902,3055,3004,3037
5/4/2021,3062.800049,3090,3035,3049.75
5/5/2021,3070,3099.399902,3052.399902,3095.699951
5/6/2021,3105.5,3134,3074,3111.449951
5/7/2021,3133,3159.850098,3111.800049,3132.899902
5/10/2021,3145.949951,3164.199951,3125,3145.5
5/11/2021,3125,3128.100098,3091.149902,3122.600098
5/12/2021,3120,3120,3070.600098,3087.600098
5/14/2021,3098.5,3098.5,3040,3051.5
5/17/2021,3055,3075.199951,3036,3069.75
5/18/2021,3100,3124,3078,3088.800049
5/19/2021,3084,3118,3067.100098,3082
5/20/2021,3067.100098,3088.800049,3052.100098,3060
5/21/2021,3061,3088.199951,3055.100098,3080.5
5/24/2021,3081.5,3105,3072,3081.5
5/25/2021,3092,3128.25,3082.100098,3114
5/26/2021,3120,3165,3103.800049,3158.5
5/27/2021,3161.949951,3217.75,3161.800049,3180
5/28/2021,3189.5,3198,3135.649902,3143.600098
5/31/2021,3150,3170.350098,3128.600098,3159.149902
6/1/2021,3168.600098,3169.949951,3132,3153
6/2/2021,3150.850098,3159.449951,3115,3129.449951
6/3/2021,3154.550049,3154.550049,3122.649902,3141.25
6/4/2021,3128,3156.850098,3125,3143.75
6/7/2021,3145,3190.449951,3133.600098,3183.199951
6/8/2021,3198,3231,3187.199951,3200.149902
6/9/2021,3202,3220,3186.199951,3200.25
6/10/2021,3210,3224,3193,3216.800049
6/11/2021,3211.550049,3309,3211,3273.800049
6/14/2021,3279,3308.699951,3270.350098,3276.350098
6/15/2021,3298,3298,3251.550049,3262.75
6/16/2021,3262.100098,3294.699951,3253,3274.350098
6/17/2021,3265.5,3336.050049,3260,3317.75
6/18/2021,3350.899902,3358,3275,3297.300049
6/21/2021,3265,3286,3251.699951,3273.100098
6/22/2021,3304,3327.050049,3285,3301.199951
6/23/2021,3329,3329,3256.399902,3261.399902
6/24/2021,3284,3383,3278.5,3373.600098
6/25/2021,3375.25,3399.649902,3350,3380.800049
6/28/2021,3391.5,3391.5,3333,3336.75
6/29/2021,3342,3366.300049,3326.5,3340.850098
6/30/2021,3346,3382,3338.5,3345.75
7/1/2021,3358,3362,3332.350098,3341.5
7/2/2021,3331,3339.699951,3295.199951,3325.449951
7/5/2021,3342,3374,3302,3321
7/6/2021,3313,3328,3256.100098,3262.300049
7/7/2021,3275,3282.699951,3241.600098,3274.949951
7/8/2021,3298,3298,3231.899902,3258.5
7/9/2021,3250,3282,3201,3208.149902
7/12/2021,3235,3236,3188.350098,3193.100098
7/13/2021,3214,3214,3175,3187.550049
7/14/2021,3187,3222,3185,3214.550049
7/15/2021,3227.600098,3231.850098,3194,3202.949951
7/16/2021,3213,3219.850098,3192,3194.800049
7/19/2021,3180,3199.800049,3176,3184.600098
7/20/2021,3184.600098,3215,3156.149902,3205.800049
7/22/2021,3190,3224.949951,3190,3216.350098
7/23/2021,3230,3241.550049,3206.649902,3212.850098
7/26/2021,3200,3224.25,3190.850098,3197.550049
7/27/2021,3200,3210,3161.149902,3182.949951
7/28/2021,3188,3204.449951,3132.399902,3197.800049
7/29/2021,3200.25,3225.449951,3190.300049,3195.800049
7/30/2021,3219,3223.5,3162.350098,3167.449951
8/2/2021,3180,3224.899902,3167,3219.399902
8/3/2021,3229,3290,3218.949951,3284.899902
8/4/2021,3300,3305.199951,3261.199951,3273.949951
8/5/2021,3275,3315,3262.5,3283.949951
8/6/2021,3272.550049,3324,3265,3309.800049
8/9/2021,3323.899902,3337,3310,3322.699951
8/10/2021,3315.600098,3349.899902,3315.600098,3333.899902
8/11/2021,3350,3360,3327.100098,3344.199951
8/12/2021,3326,3368,3326,3351.75
8/13/2021,3360.75,3480,3357.5,3463.399902
8/16/2021,3460,3494.350098,3436.5,3472.949951
8/17/2021,3482.100098,3560.800049,3463,3553.050049
8/18/2021,3573.850098,3595,3536.600098,3560.550049
8/20/2021,3506,3575,3500,3559.5
8/23/2021,3580,3673,3561.899902,3637.399902
8/24/2021,3657,3667.350098,3594.399902,3613.199951
8/25/2021,3610,3697.75,3607.050049,3659
8/26/2021,3660,3687.600098,3647.899902,3671.850098
8/27/2021,3666,3729.5,3651.100098,3720.149902
8/30/2021,3715,3740.350098,3687.600098,3701.300049
8/31/2021,3709.399902,3804.100098,3703.449951,3786.449951
9/1/2021,3796,3816.699951,3707,3714.949951
9/2/2021,3734,3859.149902,3722,3836.75
9/3/2021,3825,3856.899902,3804.550049,3842.050049
9/6/2021,3849.699951,3877.600098,3814,3852
9/7/2021,3864,3869.949951,3808.25,3815.899902
9/8/2021,3810,3815,3756,3774.149902
9/9/2021,3789.699951,3808.699951,3765,3791.399902
9/13/2021,3767,3852.399902,3767,3845.350098
9/14/2021,3849.949951,3896.5,3825,3885.899902
9/15/2021,3882.100098,3980,3866,3954.550049
9/16/2021,3930,3981.75,3892.100098,3903.300049
9/17/2021,3920,3945,3805,3827.850098
9/20/2021,3809,3871,3807.850098,3823.5
9/21/2021,3858,3871.550049,3821.649902,3862.949951
9/22/2021,3862.5,3896.850098,3852.449951,3862.149902
9/23/2021,3870,3879,3835,3869.25
9/24/2021,3890,3944.399902,3855,3871.300049
9/27/2021,3900,3904,3802.899902,3836.949951
9/28/2021,3850,3850,3751.25,3779.149902
9/29/2021,3759.800049,3806,3722.149902,3791.899902
9/30/2021,3805,3805,3750.100098,3775.550049
10/1/2021,3781.75,3810,3725,3730.199951
10/4/2021,3724.800049,3783.649902,3707.449951,3773.300049
10/5/2021,3754,3840,3741.600098,3833.300049
10/6/2021,3836,3857.449951,3795,3810.899902
10/7/2021,3830,3899,3820.050049,3892.899902
10/8/2021,3925,3989.899902,3900,3935.649902
10/11/2021,3755,3757.5,3660,3685.600098
10/12/2021,3706,3707,3630.600098,3652.850098
10/13/2021,3650,3675.449951,3645,3655.199951
10/14/2021,3625,3670,3608.199951,3611.449951
10/18/2021,3603.449951,3652.699951,3601.449951,3647.149902
10/19/2021,3669,3690.100098,3625.199951,3634.149902
10/20/2021,3612,3630,3578.300049,3608.850098
10/21/2021,3604.100098,3607.449951,3511.25,3532.5
10/22/2021,3560,3561.600098,3485,3498.850098
10/25/2021,3503,3514.550049,3450,3492.949951
10/26/2021,3494.5,3529,3475,3482.600098
10/27/2021,3483,3511.25,3483,3489.75
10/28/2021,3518,3518,3415,3421.649902
10/29/2021,3400.050049,3461,3385.949951,3397.75
11/1/2021,3437.949951,3487,3412.949951,3476.399902
11/2/2021,3494,3513.600098,3469.75,3484.199951
11/3/2021,3504.199951,3519.899902,3466.050049,3492.25
11/4/2021,3512.949951,3513.25,3505,3508.649902
11/8/2021,3548,3548,3481.199951,3502.75
11/9/2021,3508,3535,3496,3505.699951
11/10/2021,3498,3519.699951,3480.199951,3484.300049
11/11/2021,3480,3510.050049,3436,3488.199951
11/12/2021,3506,3534.149902,3485.699951,3526.050049
11/15/2021,3528,3569.600098,3528,3553.300049
11/16/2021,3569,3575.550049,3542,3556.399902
11/17/2021,3550.600098,3562.850098,3506.399902,3521.899902
11/18/2021,3515.149902,3520.850098,3451.600098,3475.699951
11/22/2021,3478.399902,3515.949951,3440.300049,3458.399902
11/23/2021,3445,3480.949951,3407.800049,3464.25
11/24/2021,3472.199951,3493.050049,3424,3443.300049
11/25/2021,3443.899902,3463,3434.050049,3445.899902
11/26/2021,3425,3490,3411.899902,3446.850098
11/29/2021,3447.149902,3529.350098,3406.449951,3502
11/30/2021,3491,3563.75,3491,3529.149902
12/1/2021,3535,3590,3535,3577.800049
12/2/2021,3589.199951,3648,3574.100098,3642.899902
12/3/2021,3646.449951,3665.949951,3630.850098,3640.449951
12/6/2021,3640.449951,3658,3522,3536.399902
12/7/2021,3562.5,3598,3524.300049,3584.5
12/8/2021,3601,3646.449951,3601,3626.899902
12/9/2021,3610,3634.75,3566,3601.75
12/10/2021,3585,3642,3575.100098,3636.800049
12/13/2021,3650,3662,3601.699951,3609.649902
12/14/2021,3605,3635,3576.699951,3623.800049
12/15/2021,3620,3623,3558.149902,3570.350098
12/16/2021,3582,3608.449951,3570,3581.600098
12/17/2021,3602.5,3651.350098,3573.699951,3584.350098
12/20/2021,3589,3606,3510.149902,3556.899902
12/21/2021,3582.649902,3641.199951,3566.399902,3608.300049
12/22/2021,3624,3636.800049,3606.25,3630.75
12/23/2021,3648,3670.5,3630,3662.699951
12/24/2021,3685,3705,3644.800049,3670.899902
12/27/2021,3671,3700,3653.100098,3696.100098
12/28/2021,3710,3725,3693.850098,3706.550049
12/29/2021,3692.25,3719.949951,3685,3694.699951
12/30/2021,3681.350098,3740,3680,3733.75
12/31/2021,3742.800049,3760,3731.300049,3738.350098
1/3/2022,3750,3830,3745,3817.75
1/4/2022,3831.100098,3889.149902,3811.699951,3884.75
1/5/2022,3865,3870,3812.399902,3860.949951
1/6/2022,3812,3835,3772,3807.449951
1/7/2022,3820,3864.899902,3796.399902,3853.5
1/10/2022,3978,3978,3861,3879.850098
1/11/2022,3856,3925,3856,3915.899902
1/12/2022,3925,3929,3836.550049,3859.899902
1/13/2022,3918,3923,3857,3897.899902
1/14/2022,3877.850098,3977,3860.050049,3968.149902
1/17/2022,3992.699951,4043,3962.300049,4019.149902
1/18/2022,4033.949951,4041.699951,3980,3990.600098
1/19/2022,4012,4012,3910.5,3914.649902
1/20/2022,3910,3920,3811,3826.550049
1/21/2022,3807,3851.550049,3771.100098,3833.5
1/24/2022,3840,3849.649902,3740.100098,3771.350098
1/25/2022,3769.5,3809.399902,3722.199951,3769.899902
1/27/2022,3731,3733.399902,3625.100098,3649.25
1/28/2022,3646,3729.800049,3646,3690.050049
1/31/2022,3749,3758,3721.399902,3736.25
2/1/2022,3770,3808,3736.399902,3800.649902
2/2/2022,3827.899902,3864,3800.649902,3856.199951
2/3/2022,3851,3882.5,3816.050049,3824.600098
2/4/2022,3815.300049,3824.699951,3769,3814.899902
2/7/2022,3791,3831.800049,3756.149902,3779
2/8/2022,3791.550049,3799.699951,3721,3743.449951
2/9/2022,3750,3777.949951,3746.100098,3760.550049
2/10/2022,3789.800049,3789.800049,3758,3770.350098
2/11/2022,3752.5,3752.5,3690,3694.949951
2/14/2022,3724,3793.25,3710,3733.75
2/15/2022,3786,3835,3748,3817.800049
2/16/2022,3844,3854.100098,3806,3813.100098
2/17/2022,3825,3835,3779,3784.199951
2/18/2022,3769,3815.949951,3757.600098,3793.899902
2/21/2022,3810,3827.800049,3705.550049,3719.399902
2/22/2022,3650,3667.899902,3570,3586.399902
2/23/2022,3611,3622.899902,3555.649902,3563.800049
2/24/2022,3474,3483.850098,3391.100098,3401.649902
2/25/2022,3468,3530,3462,3520.75
2/28/2022,3490,3563.75,3455.899902,3554.199951
3/2/2022,3552.5,3571.949951,3506,3546.149902
3/3/2022,3562.850098,3578.600098,3530.100098,3544.399902
3/4/2022,3501.5,3561.199951,3487.050049,3524.350098
3/7/2022,3450,3548,3431.550049,3484.899902
3/8/2022,3460,3609,3460,3599.949951
3/9/2022,3605,3654,3597.050049,3632.600098
3/10/2022,3684,3684,3615,3620.949951
3/11/2022,3603.25,3639.850098,3592.850098,3599.149902
3/14/2022,3580,3648.350098,3580,3643
3/15/2022,3659,3659,3585.399902,3593.899902
3/16/2022,3640.5,3668,3616.25,3655.899902
3/17/2022,3696.600098,3710,3660.300049,3672.75
3/21/2022,3696,3713.949951,3615,3626.699951
3/22/2022,3640,3711,3625,3700.949951
3/23/2022,3708,3729.800049,3690,3712.399902
3/24/2022,3700,3758.199951,3695,3749.850098
3/25/2022,3759.899902,3779.5,3672,3707.449951
3/28/2022,3695,3713,3661.199951,3707.699951
3/29/2022,3694.75,3722,3691,3705.350098
3/30/2022,3738,3738,3706.199951,3731.550049
3/31/2022,3740,3754.649902,3720.199951,3739.949951
4/1/2022,3748,3763,3728.050049,3758.75
4/4/2022,3762,3780,3737.100098,3770.350098
4/5/2022,3772,3835.600098,3772,3814.800049
4/6/2022,3809.300049,3809.300049,3731.149902,3755.350098
4/7/2022,3745.5,3745.5,3679,3684.149902
4/8/2022,3690,3705,3642.5,3685.649902
4/11/2022,3690,3712.350098,3656.100098,3696.399902
4/12/2022,3683,3739,3648.350098,3691.100098
4/13/2022,3707,3709.850098,3655.550049,3661.949951
4/18/2022,3610,3610,3522.5,3528.050049
4/19/2022,3550,3563.550049,3439.149902,3471.899902
4/20/2022,3500,3569.149902,3480,3556.800049
4/21/2022,3580,3644,3567.399902,3628.649902
4/22/2022,3581.100098,3617,3571.5,3612.550049
4/25/2022,3558,3584,3533.100098,3548.199951
4/26/2022,3575.149902,3587.899902,3518.149902,3546.300049
4/27/2022,3546,3568.449951,3506.300049,3561.199951
4/28/2022,3588,3604.399902,3538.050049,3584.300049
4/29/2022,3597,3623.25,3536.850098,3546.699951
5/2/2022,3519.899902,3547.949951,3492.75,3542.399902
5/4/2022,3538.5,3545.449951,3465.300049,3479.75
5/5/2022,3512.100098,3533,3485.350098,3513.399902
5/6/2022,3459,3474.5,3424.5,3432.600098
5/9/2022,3398,3456,3346.850098,3445.100098
5/10/2022,3434,3464.800049,3422,3438.75
5/11/2022,3435,3448.449951,3382.149902,3412
5/12/2022,3378,3449.699951,3350.100098,3408.649902
5/13/2022,3435,3439.899902,3382.149902,3414.899902
5/16/2022,3415,3430,3366.600098,3376.800049
5/17/2022,3370,3467,3350.399902,3451.600098
5/18/2022,3465,3495,3443.050049,3448.800049
5/19/2022,3397,3405,3230,3261.949951
5/20/2022,3310,3313.899902,3270.050049,3293
5/23/2022,3304.800049,3338.899902,3267,3321.75
5/24/2022,3315.149902,3324.850098,3275.600098,3288
5/25/2022,3292.850098,3292.850098,3154.050049,3167.649902
5/26/2022,3191,3241.5,3180.550049,3226.949951
5/27/2022,3253.199951,3278.899902,3229.199951,3261.300049
5/30/2022,3297,3386.600098,3286.350098,3375.25
5/31/2022,3354.149902,3383.399902,3325,3364.350098
6/1/2022,3388,3388,3340.050049,3355.199951
6/2/2022,3355,3432,3346.300049,3423
6/3/2022,3459.399902,3477.300049,3431.199951,3440.149902
6/6/2022,3418,3453,3377.149902,3430.949951
6/7/2022,3401.050049,3418.850098,3356,3362.699951
6/8/2022,3380.149902,3413.949951,3346.5,3404.149902
6/9/2022,3385,3437,3353.100098,3427.100098
6/10/2022,3382,3393,3352,3359.899902
6/13/2022,3290,3293,3192.449951,3219.600098
6/14/2022,3190,3238.899902,3174.699951,3210.550049
6/15/2022,3218.5,3234,3201,3206.300049
6/16/2022,3240,3244.850098,3133.050049,3142
6/17/2022,3092,3118.75,3023.850098,3088.899902
6/20/2022,3094,3138.75,3069,3112.399902
6/21/2022,3130,3237.75,3125.399902,3211.949951
6/22/2022,3199.899902,3250.550049,3183,3222.949951
6/23/2022,3222.949951,3318,3222.949951,3308.800049
6/24/2022,3339,3345,3277.5,3293.100098
6/27/2022,3350,3362.899902,3306.5,3314.699951
6/28/2022,3307,3330,3272.600098,3318.149902
6/29/2022,3271,3333,3271,3290.5
6/30/2022,3272,3310.899902,3255,3267.100098
7/1/2022,3260,3333,3252.050049,3315.100098
7/4/2022,3312,3317.949951,3225.050049,3235.050049
7/5/2022,3255,3272,3206.949951,3216.300049
7/6/2022,3218.5,3268.5,3202.25,3260.75
7/7/2022,3271,3319.399902,3265.050049,3287.850098
7/8/2022,3300,3305,3250,3265.449951
7/11/2022,3206.149902,3225,3106,3113.800049
7/12/2022,3114.899902,3136.199951,3080.25,3084.699951
7/13/2022,3104,3110,3035,3038.75
7/14/2022,3056,3057,2967,2998.75
7/15/2022,3018.550049,3028.899902,2953,2994.600098
7/18/2022,3023,3076.949951,3014.300049,3063.5
7/19/2022,3030.050049,3078.949951,3030.050049,3074.25
7/20/2022,3107.800049,3171.949951,3098.050049,3164.800049
7/21/2022,3167,3184,3144.050049,3177.300049
7/22/2022,3185,3197,3143.5,3171
7/25/2022,3165,3186.449951,3149.100098,3166.75
7/26/2022,3164.699951,3168.899902,3096.5,3115.899902
7/27/2022,3115,3194.100098,3110,3188.850098
7/28/2022,3216,3264,3201.649902,3260.5
7/29/2022,3290,3317.300049,3275,3301.899902
8/1/2022,3327,3327,3271,3298.800049
8/2/2022,3290,3312.899902,3271.649902,3291.800049
8/3/2022,3280,3349,3277.050049,3339.5
8/4/2022,3350,3387.899902,3307.350098,3354.949951
8/5/2022,3361.199951,3377,3355,3365.050049
8/8/2022,3365,3378.899902,3336,3374.449951
8/10/2022,3385,3385,3335,3354.25
8/11/2022,3400,3428.699951,3375.050049,3422.5
8/12/2022,3419,3419,3381.25,3401.550049
8/16/2022,3411,3414.850098,3387.5,3392.699951
8/17/2022,3385.100098,3417.949951,3371.100098,3401.100098
8/18/2022,3390,3392,3362,3381.25
8/19/2022,3387,3421.5,3371.25,3385.75
8/22/2022,3365,3384.100098,3347.399902,3354.550049
8/23/2022,3319.949951,3341.899902,3270,3284.600098
8/24/2022,3292,3308,3250.199951,3255.350098
8/25/2022,3276,3278.149902,3214.75,3218.199951
8/26/2022,3234.300049,3257,3216.800049,3222.199951
8/29/2022,3125,3142.699951,3081,3132.550049
8/30/2022,3155,3226.5,3142.100098,3211.149902
9/1/2022,3190,3190,3121,3131.699951
9/2/2022,3163,3163,3120.300049,3130.399902
9/5/2022,3123.649902,3147.949951,3112.25,3133.399902
9/6/2022,3135.5,3140.850098,3106.350098,3127.050049
9/7/2022,3102,3161.899902,3102,3149.600098
9/8/2022,3170,3183.5,3160.100098,3169.649902
9/9/2022,3195,3233.5,3168.5,3217.649902
9/12/2022,3239.899902,3269.800049,3225,3242.949951
9/13/2022,3263.449951,3263.449951,3225,3229.350098
9/14/2022,3135,3141.399902,3113.800049,3120.399902
9/15/2022,3130,3137.75,3100,3104.350098
9/16/2022,3076,3094.350098,3000,3008.699951
9/19/2022,3036,3042,2987.800049,3028.800049
9/20/2022,3050,3079.949951,3030,3040.300049
9/21/2022,3028,3041.399902,2998.149902,3001.199951
9/22/2022,2990,3029.949951,2979.300049,3007.399902
9/23/2022,3004,3022.5,2979,2982.050049
9/26/2022,2959.850098,3025.850098,2926.100098,2994.399902
9/27/2022,3009.399902,3025,2976,3017.449951
9/28/2022,2980,3049.949951,2980,3035.649902
9/29/2022,3054,3055.850098,2990,2997.300049
9/30/2022,2990.850098,3019.699951,2950.100098,3004.550049
10/3/2022,2995,3020.699951,2974,2984.949951
10/4/2022,3029.949951,3098,3023,3091.149902
10/6/2022,3111,3124,3092.449951,3101.949951
10/7/2022,3097.399902,3105,3058.100098,3064.899902
10/10/2022,3010,3127,3005,3118.550049
10/11/2022,3100,3145,3053.350098,3069.550049
10/12/2022,3084.899902,3109.899902,3062.050049,3100.75
10/13/2022,3100.75,3110,3052.350098,3103.300049
10/14/2022,3145,3150,3071,3099.149902
10/17/2022,3072.649902,3128.399902,3071.449951,3111.75
10/18/2022,3150,3155.350098,3128.550049,3144.699951
10/19/2022,3159,3159,3112,3121.850098
10/20/2022,3105,3160,3105,3157.300049
10/21/2022,3157.800049,3160.399902,3127,3137.399902
10/24/2022,3170.100098,3178,3155,3161.699951
10/25/2022,3180.5,3184.25,3151.149902,3162.100098
10/27/2022,3160.699951,3174,3134.350098,3157.399902
10/28/2022,3150,3178.5,3145,3163.25
10/31/2022,3199,3199,3177.800049,3193.149902
11/1/2022,3214.5,3262.600098,3203.449951,3259.699951
11/2/2022,3270,3270,3222.050049,3241.699951
11/3/2022,3228.050049,3228.050049,3195,3206.75
11/4/2022,3217,3220.050049,3166.149902,3217.399902
11/7/2022,3229,3242.800049,3195.100098,3233.699951
11/9/2022,3249.800049,3249.800049,3201.649902,3216.050049
11/10/2022,3170,3225,3170,3205.649902
11/11/2022,3269.600098,3341.600098,3255.050049,3315.949951
11/14/2022,3324,3349,3309,3335.5
11/15/2022,3321,3339.949951,3292,3332.600098
11/16/2022,3338.899902,3367.899902,3321.449951,3355.350098
11/17/2022,3340,3360,3317.75,3349
11/18/2022,3350,3362.75,3321,3343.449951
11/21/2022,3322.5,3333.699951,3273,3283.5
11/22/2022,3280,3318.949951,3255.25,3314.949951
11/23/2022,3330,3330,3291,3308.300049
11/24/2022,3316.25,3392.949951,3308.300049,3380.149902
11/25/2022,3383,3403.350098,3348,3389.649902
11/28/2022,3366,3417,3365.550049,3395.25
11/29/2022,3383,3429,3383,3397.350098
11/30/2022,3383,3414.899902,3375,3390.800049
12/1/2022,3425,3480,3420,3475.649902
12/2/2022,3458.100098,3468.899902,3413,3439.149902
12/5/2022,3433,3439.149902,3407,3425.899902
12/6/2022,3400.050049,3407.949951,3368,3385.350098
12/7/2022,3368.300049,3393.699951,3354,3380.600098
12/8/2022,3360,3380.600098,3339.449951,3350.550049
12/9/2022,3374.100098,3374.100098,3276.350098,3292.75
12/12/2022,3255.5,3296,3236.100098,3286.449951
12/13/2022,3277.199951,3336.449951,3267.800049,3332.100098
12/14/2022,3348.800049,3377,3340.899902,3365.350098
12/15/2022,3358.800049,3364.75,3298.949951,3305.100098
12/16/2022,3275,3292,3225.199951,3240.25
12/19/2022,3227,3245.5,3194.5,3202.050049
12/20/2022,3198.899902,3249,3163.649902,3243.949951
12/21/2022,3249,3283.050049,3240,3268.550049
12/22/2022,3294,3294,3245.100098,3259.699951
12/23/2022,3217,3266.850098,3217,3228.350098
12/26/2022,3228.350098,3272,3225.050049,3252.899902
12/27/2022,3269.199951,3273.800049,3231.5,3259.5
12/28/2022,3249.800049,3266.100098,3226,3257.100098
12/29/2022,3231.100098,3271.5,3228,3268.75
12/30/2022,3286.050049,3299,3246.199951,3256.699951
1/2/2023,3261,3266.850098,3235.199951,3261.449951
1/3/2023,3252,3320,3245.300049,3311.350098
1/4/2023,3306.699951,3327.350098,3286.199951,3314.649902
1/5/2023,3330.199951,3337.300049,3281.949951,3311.100098
1/6/2023,3300,3301.550049,3200,3211.550049
1/9/2023,3229,3327,3221.149902,3319.949951
1/10/2023,3285,3298,3230.100098,3286.399902
1/11/2023,3290.100098,3349.5,3271.149902,3328.699951
1/12/2023,3329,3350,3315.550049,3334.350098
1/13/2023,3342.899902,3379,3305,3374.550049
1/16/2023,3317,3353,3298.050049,3334.050049
1/17/2023,3330,3381.800049,3321,3378.399902
1/18/2023,3380,3408.949951,3372.25,3390
1/19/2023,3380,3387,3361,3373.100098
1/20/2023,3365,3394.649902,3355.600098,3363.100098
1/23/2023,3388,3419,3355.600098,3414.899902
1/24/2023,3425,3451.949951,3417.300049,3436.300049
1/25/2023,3425.300049,3435,3405,3429.75
1/27/2023,3426,3446,3382.300049,3411.050049
1/30/2023,3420,3458.449951,3385.550049,3433.649902
1/31/2023,3449,3449,3351,3358.699951
2/1/2023,3363,3419,3355,3408.350098
2/2/2023,3427,3469,3420.100098,3460.399902
2/3/2023,3504,3504,3452.899902,3482.300049
2/6/2023,3473.149902,3473.149902,3436.850098,3459.949951
2/7/2023,3468.899902,3493,3461.399902,3472.550049
2/8/2023,3478.050049,3539.899902,3478.050049,3520.100098
2/9/2023,3515,3547.600098,3505.300049,3540.850098
2/10/2023,3520,3542.350098,3508.149902,3537.550049
2/13/2023,3549,3549,3473.399902,3482.399902
2/14/2023,3505,3524.850098,3495,3500.100098
2/15/2023,3487,3526,3460.149902,3520.649902
2/16/2023,3527.199951,3575,3527,3558.050049
2/17/2023,3526.149902,3538.899902,3490,3501.149902
2/20/2023,3502,3522,3475.050049,3487.300049
2/21/2023,3494,3508.899902,3444.75,3451
2/22/2023,3414.949951,3447,3395,3401.550049
2/23/2023,3421,3452.399902,3408,3413.800049
2/24/2023,3422.5,3433.949951,3382.300049,3400.449951
2/27/2023,3390,3390,3316,3331.850098
2/28/2023,3328.5,3392,3299.899902,3312.850098
3/1/2023,3323,3389,3315,3385.699951
3/2/2023,3361,3369.899902,3318,3321.449951
3/3/2023,3354,3358,3331.100098,3342.149902
3/6/2023,3361.899902,3404.949951,3359,3371.850098
3/8/2023,3364,3396,3330.850098,3390.399902
3/9/2023,3385,3385,3330.850098,3336.850098
3/10/2023,3312.899902,3337.25,3290,3331
3/13/2023,3333,3369.800049,3272,3281.949951
3/14/2023,3280,3304.399902,3209.399902,3214.949951
3/15/2023,3250,3260.350098,3192,3198.899902
3/16/2023,3208,3219.800049,3172,3185
3/17/2023,3150.5,3221.399902,3144,3179.300049
3/20/2023,3169.649902,3169.649902,3095.050049,3143.300049
3/21/2023,3143.300049,3156.75,3097.449951,3106.100098
3/22/2023,3130.050049,3143.5,3106.100098,3130.800049
3/23/2023,3114.899902,3146.350098,3101,3124.649902
3/24/2023,3148.899902,3170,3106,3120.5
3/27/2023,3135,3152.75,3106,3122.300049
3/28/2023,3127,3149.550049,3110.149902,3115.899902
3/29/2023,3129,3150,3104.100098,3138.899902
3/31/2023,3189.949951,3213,3152,3205.899902
4/3/2023,3224.949951,3224.949951,3173.75,3200
4/5/2023,3185.5,3264.350098,3185.5,3239.800049
4/6/2023,3225,3257.350098,3215,3220.699951
4/10/2023,3220,3272,3215,3263.399902
4/11/2023,3264,3272.949951,3192.149902,3213.800049
4/12/2023,3227.949951,3260.949951,3199,3241.649902
4/13/2023,3210,3230,3180,3188.850098
4/17/2023,3134.100098,3163.399902,3070.25,3139.5
4/18/2023,3154.949951,3156.850098,3110.600098,3130.75
4/19/2023,3130.75,3140,3071.5,3089.600098
4/20/2023,3090,3113,3078,3104.800049
4/21/2023,3110,3164.449951,3100.800049,3160.850098
4/24/2023,3151.100098,3180.949951,3126.149902,3174.800049
4/25/2023,3183,3191.199951,3147.5,3176
4/26/2023,3181,3208.399902,3181,3198.149902
4/27/2023,3185,3199.199951,3170.649902,3187.949951
4/28/2023,3200.399902,3227.25,3196.25,3219.25
5/2/2023,3235,3235,3210,3219.399902
5/3/2023,3216,3216,3173.149902,3179.899902
5/4/2023,3180.149902,3224.449951,3178,3220.699951
5/5/2023,3220,3244,3210.050049,3230.699951
5/8/2023,3245,3254.850098,3231.300049,3250.600098
5/9/2023,3252.600098,3298,3246,3283.25
5/10/2023,3290,3306.5,3266.050049,3286.800049
5/11/2023,3309,3309.699951,3272,3282.149902
5/12/2023,3279.149902,3290,3260,3274.300049
5/15/2023,3284,3292,3248.350098,3255.050049
5/16/2023,3256.199951,3285,3250.449951,3258.149902
5/17/2023,3255.949951,3280,3198.25,3208.699951
5/18/2023,3225.949951,3228.949951,3195,3199.850098
5/19/2023,3210,3234.5,3203.050049,3222.850098
5/22/2023,3230,3308.449951,3217.050049,3298.699951
5/23/2023,3306,3327.949951,3290.100098,3297.050049
5/24/2023,3276,3317.199951,3276,3303.350098
5/25/2023,3294,3306,3267.100098,3293.5
5/26/2023,3293.5,3338.649902,3291,3328.899902
5/29/2023,3360.800049,3372,3312,3320.350098
5/30/2023,3315,3326.949951,3301.350098,3316.199951
5/31/2023,3309,3327.699951,3265.149902,3289.5
6/1/2023,3314,3340,3297.5,3324
6/2/2023,3326.25,3335.899902,3297.449951,3305.600098
6/5/2023,3315,3327,3285.050049,3288.899902
6/6/2023,3280,3288.850098,3220.600098,3232.300049
6/7/2023,3253,3278.850098,3241,3274.899902
6/8/2023,3261,3270,3233,3236.449951
6/9/2023,3245,3250,3205.350098,3209.300049
6/12/2023,3215,3254.399902,3211,3246.899902
6/13/2023,3260,3265,3239,3243.699951
6/14/2023,3243.699951,3255.850098,3225.850098,3251.050049
6/15/2023,3245.300049,3247.449951,3210,3216.300049
6/16/2023,3197,3199.399902,3156,3174.899902
6/19/2023,3190,3214.899902,3175,3210.399902
6/20/2023,3214,3232.5,3201.050049,3227.699951
6/21/2023,3250,3261.399902,3223.949951,3258.199951
6/22/2023,3260,3267.649902,3230.100098,3238.5
6/23/2023,3237.300049,3249.399902,3209.149902,3216.350098
6/26/2023,3205,3213.899902,3173,3189.649902
6/27/2023,3202,3209.649902,3182.300049,3197.350098
6/28/2023,3197.350098,3197.350098,3197.350098,3197.350098
6/30/2023,3220,3310,3214.100098,3302.25
7/3/2023,3314.300049,3318.800049,3268.75,3272.300049
7/4/2023,3290,3315,3277.300049,3308.850098
7/5/2023,3320,3329,3305,3319.949951
7/6/2023,3306.550049,3328.449951,3302,3322.899902
7/7/2023,3302,3356.899902,3302,3329.25
7/10/2023,3324.75,3324.75,3265.199951,3271.949951
7/11/2023,3295,3295,3260.800049,3272.399902
7/12/2023,3280.949951,3289.149902,3250.100098,3259.899902
7/13/2023,3284,3367.449951,3272.75,3340.550049
7/14/2023,3365,3524.850098,3352,3514.649902
7/17/2023,3510,3549.899902,3477.050049,3491.699951
7/18/2023,3476,3524,3465,3496.850098
7/19/2023,3500,3516.850098,3445.649902,3470.050049
7/20/2023,3453.100098,3478.899902,3436.050049,3463.300049
7/21/2023,3404.050049,3434.899902,3359.050049,3368.300049
7/24/2023,3381,3413.449951,3372.100098,3394.75
7/25/2023,3397.5,3406.800049,3380.199951,3399.149902
7/26/2023,3400.350098,3420.850098,3385,3388.300049
7/27/2023,3394.949951,3411.649902,3385.050049,3396.899902
7/28/2023,3385,3393.699951,3331,3355.399902
7/31/2023,3364.399902,3426.649902,3360.899902,3421.449951
8/1/2023,3415,3460,3415,3452.050049
8/2/2023,3434.949951,3446.399902,3413.600098,3440.649902
8/3/2023,3420,3433.25,3368,3399.949951
8/4/2023,3401.25,3471,3401.25,3443.550049
8/7/2023,3453.949951,3488,3441.25,3484.050049
8/8/2023,3484.050049,3489.949951,3456.600098,3470.600098
8/9/2023,3464.899902,3467,3425.050049,3462.5
8/10/2023,3450,3464.899902,3430.050049,3442.100098
8/11/2023,3438.100098,3466.649902,3414,3448.800049
8/14/2023,3440.699951,3455,3411,3449.850098
8/16/2023,3450,3466,3435.199951,3458.399902
8/17/2023,3455,3460.800049,3413.199951,3435.75
8/18/2023,3410,3410,3356.5,3367.100098
8/21/2023,3375,3409.75,3372,3401.649902
8/22/2023,3400,3411,3365.050049,3382.149902
8/23/2023,3388,3402,3376,3398.25
8/24/2023,3408,3413.050049,3378.100098,3387.75
8/25/2023,3375,3385.800049,3350.25,3381.300049
8/28/2023,3394,3394,3360.100098,3375.550049
8/29/2023,3381.050049,3389.550049,3365,3376.149902
8/30/2023,3398,3408.100098,3383.050049,3390.949951
8/31/2023,3401,3417.399902,3343.649902,3356.800049
9/1/2023,3366,3389,3356.800049,3379.199951
9/4/2023,3378,3432.850098,3370.050049,3418.5
9/5/2023,3420,3447,3405.149902,3429.350098
9/6/2023,3434,3443.899902,3398.100098,3429.899902
9/7/2023,3430.800049,3460,3422.300049,3455.25
9/8/2023,3455.25,3465,3435.050049,3441.899902
9/11/2023,3462,3485.699951,3445,3480.649902
9/12/2023,3492,3589.899902,3483,3580.800049
9/13/2023,3571.100098,3588.850098,3545,3567.850098
